<?xml version="1.0" encoding="UTF-8" ?>
<module>
    <name>ms_richcontent</name>
    <displayName><![CDATA[Dodatkowy opis HTML na stronie produktu]]></displayName>
    <version><![CDATA[1.3]]></version>
    <description><![CDATA[Dodaj dodatkowy opis zewnętrzny HTML na stronie produktu]]></description>
    <author><![CDATA[Sebastian Koziołek - Millenium Studio]]></author>
    <tab><![CDATA[administration]]></tab>
    <is_configurable>0</is_configurable>
    <need_instance>0</need_instance>
	<limited_countries></limited_countries>
</module>